{
  "cases": 69074,
  "deaths": 3351,
  "cases_per_10k": 25.562561859772927,
  "deaths_per_10k": 1.3984067890651886
}