{
  "cases": 69074,
  "deaths": 3351,
  "casesPer10k": 25.562561859772927,
  "deathsPer10k": 1.3984067890651886
}