{
  "cases": 69074,
  "deaths": 3351,
  "casesPer10k": 35.40403380547251,
  "deathsPer10k": 1.3984067890651886
}