{"max_deaths": 4928, "max_cases": 97894, "max_cases_per_pop": 0.008588957055214725, "max_deaths_per_pop": 0.0002187219420758681}