{"cases": 69074, "deaths": 3351, "cases_per_cap": 0.002556256185977293, "deaths_per_cap": 0.00013984067890651886}