{"deaths": 4928, "cases": 101273, "cases_per_cap": 0.008588957055214725, "deaths_per_cap": 0.0002187219420758681}