{"deaths": {"first": 985.6, "second": 3942.4, "max": 4928}, "cases": {"first": 26124.600000000002, "second": 104498.40000000001, "max": 130623}, "cases_per_cap": {"first": 0.001717791411042945, "second": 0.00687116564417178, "max": 0.008588957055214725}, "deaths_per_cap": {"first": 4.374438841517362e-05, "second": 0.00017497755366069448, "max": 0.0002187219420758681}}